{
  "GET /posts" : {
    "transaction" : "GET /posts",
    "sampleCount" : 1,
    "errorCount" : 0,
    "errorPct" : 0.0,
    "meanResTime" : 612.0,
    "medianResTime" : 612.0,
    "minResTime" : 612.0,
    "maxResTime" : 612.0,
    "pct1ResTime" : 612.0,
    "pct2ResTime" : 612.0,
    "pct3ResTime" : 612.0,
    "throughput" : 1.6339869281045751,
    "receivedKBytesPerSec" : 45.856949550653596,
    "sentKBytesPerSec" : 0.2170138888888889
  },
  "GET /posts/1" : {
    "transaction" : "GET /posts/1",
    "sampleCount" : 3,
    "errorCount" : 0,
    "errorPct" : 0.0,
    "meanResTime" : 438.3333333333333,
    "medianResTime" : 398.0,
    "minResTime" : 307.0,
    "maxResTime" : 610.0,
    "pct1ResTime" : 610.0,
    "pct2ResTime" : 610.0,
    "pct3ResTime" : 610.0,
    "throughput" : 1.274426508071368,
    "receivedKBytesPerSec" : 1.8830149479609175,
    "sentKBytesPerSec" : 0.17174888487680542
  },
  "Total" : {
    "transaction" : "Total",
    "sampleCount" : 87,
    "errorCount" : 7,
    "errorPct" : 8.045977,
    "meanResTime" : 411.8390804597702,
    "medianResTime" : 356.0,
    "minResTime" : 110.0,
    "maxResTime" : 1423.0,
    "pct1ResTime" : 618.6000000000001,
    "pct2ResTime" : 1213.1999999999987,
    "pct3ResTime" : 1423.0,
    "throughput" : 8.146830227549398,
    "receivedKBytesPerSec" : 186.06391633111713,
    "sentKBytesPerSec" : 1.1836899522427193
  },
  "Request 1 - POST Create Post" : {
    "transaction" : "Request 1 - POST Create Post",
    "sampleCount" : 7,
    "errorCount" : 0,
    "errorPct" : 0.0,
    "meanResTime" : 777.7142857142858,
    "medianResTime" : 569.0,
    "minResTime" : 343.0,
    "maxResTime" : 1392.0,
    "pct1ResTime" : 1392.0,
    "pct2ResTime" : 1392.0,
    "pct3ResTime" : 1392.0,
    "throughput" : 2.348993288590604,
    "receivedKBytesPerSec" : 3.28459259647651,
    "sentKBytesPerSec" : 0.6652422399328859
  },
  "GET /posts - Duration Check" : {
    "transaction" : "GET /posts - Duration Check",
    "sampleCount" : 3,
    "errorCount" : 0,
    "errorPct" : 0.0,
    "meanResTime" : 142.66666666666666,
    "medianResTime" : 117.0,
    "minResTime" : 116.0,
    "maxResTime" : 195.0,
    "pct1ResTime" : 195.0,
    "pct2ResTime" : 195.0,
    "pct3ResTime" : 195.0,
    "throughput" : 1.5479876160990713,
    "receivedKBytesPerSec" : 43.44342589009288,
    "sentKBytesPerSec" : 0.2055921052631579
  },
  "Request 2 - GET Post by Extracted ID" : {
    "transaction" : "Request 2 - GET Post by Extracted ID",
    "sampleCount" : 7,
    "errorCount" : 7,
    "errorPct" : 100.0,
    "meanResTime" : 130.85714285714286,
    "medianResTime" : 132.0,
    "minResTime" : 112.0,
    "maxResTime" : 147.0,
    "pct1ResTime" : 147.0,
    "pct2ResTime" : 147.0,
    "pct3ResTime" : 147.0,
    "throughput" : 3.9018952062430325,
    "receivedKBytesPerSec" : 4.595396112040134,
    "sentKBytesPerSec" : 0.5334622352285395
  },
  "HTTP Request" : {
    "transaction" : "HTTP Request",
    "sampleCount" : 66,
    "errorCount" : 0,
    "errorPct" : 0.0,
    "meanResTime" : 410.8333333333333,
    "medianResTime" : 370.0,
    "minResTime" : 110.0,
    "maxResTime" : 1423.0,
    "pct1ResTime" : 612.0,
    "pct2ResTime" : 738.6999999999999,
    "pct3ResTime" : 1423.0,
    "throughput" : 6.180353965727128,
    "receivedKBytesPerSec" : 173.44825416705683,
    "sentKBytesPerSec" : 0.8208282610731341
  }
}